<?xml version="1.0" encoding="UTF-8" standalone="yes"?>
<addon id="plugin.video.InfowarsTimeShift"
	name="Infowars TimeShift"
	version="1.0.0"
	provider-name="nuvolacreative.com">
  <requires>
    <import addon="xbmc.python" version="2.1.0"/>
    <import addon="script.module.addon.common" version="2.0.0"/>
    <import addon="plugin.video.youtube" version="5.0.0"/>
  </requires>
  <extension point="xbmc.python.pluginsource" library="default.py">
    <provides>video</provides>
  </extension>
  <extension point="xbmc.addon.metadata">
    <summary lang="en">Ron Gibson's Infowars YouTube Channel</summary>
    <description lang="en">Commercial free, audio and video feeds of The Alex Jones Show and Infowars Nightly News. Special thanks to Simple TechNerd, Ron Gibson, Alex Jones and the entire Infowars crew. 1776 Worldwide! We're on the march, the empire is on the run. infowars.com - prisonplanet.tv - infowarsstore.com</description>
    <platform>all</platform>
  </extension>
</addon>
